﻿{"cameraMode":{"drawMode":0,"name":"Shaded","section":"Shading Mode"},"sceneLighting":true,"audioPlay":false,"sceneViewState":{"showFog":true,"showMaterialUpdate":false,"showSkybox":true,"showFlares":true,"showImageEffects":true,"showParticleSystems":true},"in2DMode":false,"pivot":{"x":7.670253753662109,"y":-0.37414002418518069,"z":-4.0145769119262699},"rotation":{"x":0.18008138239383698,"y":0.24214348196983338,"z":-0.045790523290634158,"w":0.952282190322876},"size":4.837845325469971,"orthographic":false}