﻿{"cameraMode":{"drawMode":0,"name":"Shaded","section":"Shading Mode"},"sceneLighting":true,"audioPlay":false,"sceneViewState":{"showFog":true,"showMaterialUpdate":false,"showSkybox":true,"showFlares":true,"showImageEffects":true,"showParticleSystems":true},"in2DMode":false,"pivot":{"x":-1.0820320844650269,"y":-5.65290641784668,"z":13.505691528320313},"rotation":{"x":0.2667315602302551,"y":0.0014454122865572572,"z":-0.00040015412378124893,"w":0.9637709856033325},"size":24.969999313354493,"orthographic":false}