﻿{"cameraMode":{"drawMode":0,"name":"Shaded","section":"Shading Mode"},"sceneLighting":false,"audioPlay":false,"sceneViewState":{"showFog":true,"showMaterialUpdate":false,"showSkybox":false,"showFlares":true,"showImageEffects":true,"showParticleSystems":true},"in2DMode":false,"pivot":{"x":6.199999809265137,"y":0.5870499610900879,"z":-0.6200000047683716},"rotation":{"x":0.15921121835708619,"y":-0.008885037153959275,"z":0.0014328688848763705,"w":0.9872037172317505},"size":2.8578836917877199,"orthographic":false}