﻿{"cameraMode":{"drawMode":0,"name":"Shaded","section":"Shading Mode"},"sceneLighting":false,"audioPlay":false,"sceneViewState":{"showFog":true,"showMaterialUpdate":false,"showSkybox":false,"showFlares":true,"showImageEffects":true,"showParticleSystems":true},"in2DMode":false,"pivot":{"x":12.390000343322754,"y":-0.7000000476837158,"z":-11.949999809265137},"rotation":{"x":0.24236497282981873,"y":-0.20337511599063874,"z":0.052038464695215228,"w":0.9472023844718933},"size":2.8578836917877199,"orthographic":false}