﻿{"cameraMode":{"drawMode":0,"name":"Shaded","section":"Shading Mode"},"sceneLighting":false,"audioPlay":false,"sceneViewState":{"showFog":true,"showMaterialUpdate":false,"showSkybox":false,"showFlares":true,"showImageEffects":true,"showParticleSystems":true},"in2DMode":false,"pivot":{"x":12.199999809265137,"y":-0.7000000476837158,"z":11.399999618530274},"rotation":{"x":0.2667315602302551,"y":0.0014454122865572572,"z":-0.00040015412378124893,"w":0.9637709856033325},"size":2.8578836917877199,"orthographic":false}